{
  "gpx_parsing": {
    "fastgeotoolkit": {
      "mean_time_s": 8.97,
      "std_time_s": 1.5,
      "mean_memory_mb": 24.7,
      "times": [
        7.855794906616211,
        11.095380306243896,
        7.9686079025268555
      ],
      "memory": [
        66.62109375,
        7.2109375,
        0.24609375
      ]
    },
    "geopandas": {
      "mean_time_s": 138.83,
      "std_time_s": 96.21,
      "mean_memory_mb": 190.1,
      "times": [
        274.88528323173523,
        71.85708999633789,
        69.73812222480774
      ],
      "memory": [
        531.87109375,
        40.33984375,
        -2.0546875
      ]
    }
  },
  "density_computation": {
    "fastgeotoolkit": {
      "mean_time_s": 8.41,
      "std_time_s": 2.4,
      "mean_memory_mb": -11.4,
      "times": [
        5.0282440185546875,
        10.18492841720581,
        10.030719757080078
      ],
      "memory": [
        13.33984375,
        2.1875,
        -49.875
      ]
    },
    "geopandas": {
      "mean_time_s": 383.94,
      "std_time_s": 5.75,
      "mean_memory_mb": -257.9,
      "times": [
        376.0118293762207,
        389.48395681381226,
        386.3146221637726
      ],
      "memory": [
        -446.14453125,
        -219.94921875,
        -107.65625
      ]
    }
  },
  "summary": {
    "gpx_parsing_speedup": 15.477146042363435,
    "density_speedup": 45.652794292508915
  }
}